{"fill":"dsfkjsdfjjs","tables":{},"views":{},"charts":{},"filters":{},"morphs":[{"type":"Morph","name":"aMorph","morphIndex":0,"morphicProperties":{"rotation":0,"scale":1,"clipMode":"visible","opacity":1,"position":{"x":133.9453125,"y":92.76615923656621},"extent":{"x":186.328125,"y":137.23046875},"fill":"Color.rgb(23,165,137)","border":{"style":{"left":"none","right":"none","top":"none","bottom":"none"},"width":{"left":0,"right":0,"top":0,"bottom":0},"color":{"top":{"r":0.09019607843137255,"g":0.6274509803921569,"b":0.984313725490196,"a":1},"left":{"r":0.09019607843137255,"g":0.6274509803921569,"b":0.984313725490196,"a":1},"right":{"r":0.09019607843137255,"g":0.6274509803921569,"b":0.984313725490196,"a":1},"bottom":{"r":0.09019607843137255,"g":0.6274509803921569,"b":0.984313725490196,"a":1}},"borderRadius":{"top":0,"bottom":0,"right":0,"left":0}},"origin":{"x":0,"y":0},"dropShadow":{"rotation":45,"distance":2,"blur":6,"color":{"r":0.4,"g":0.4,"b":0.4,"a":1},"inset":false,"spread":0,"fast":true}}}],"numMorphs":1}
