{"fill":"Color.white","tables":{},"views":{},"charts":{},"filters":{},"morphs":[{"type":"Morph","name":"aMorph","morphIndex":0,"morphicProperties":{"rotation":0,"scale":1,"clipMode":"visible","opacity":1,"position":{"x":153.125,"y":64.55522173656621},"extent":{"x":195.96875,"y":132.6171875},"fill":"Color.rgb(26,188,156)","border":{"style":{"top":"solid","left":"solid","bottom":"solid","right":"solid"},"width":{"left":1,"right":1,"top":1,"bottom":1},"color":{"top":{"r":0.09019607843137255,"g":0.6274509803921569,"b":0.984313725490196,"a":1},"left":{"r":0.09019607843137255,"g":0.6274509803921569,"b":0.984313725490196,"a":1},"right":{"r":0.09019607843137255,"g":0.6274509803921569,"b":0.984313725490196,"a":1},"bottom":{"r":0.09019607843137255,"g":0.6274509803921569,"b":0.984313725490196,"a":1}},"borderRadius":{"top":0,"bottom":0,"right":0,"left":0}}}},{"type":"Morph","name":"aMorph","morphIndex":1,"morphicProperties":{"rotation":-0.7853981633974483,"scale":0.5,"clipMode":"visible","opacity":1,"position":{"x":278.49218750000057,"y":379.9614717365656},"extent":{"x":295.72265625,"y":124.734375},"fill":"Color.rgb(255,102,51)","border":{"style":{"top":"solid","left":"solid","bottom":"solid","right":"solid"},"width":{"left":1,"right":1,"top":1,"bottom":1},"color":{"top":{"r":0.09019607843137255,"g":0.6274509803921569,"b":0.984313725490196,"a":1},"left":{"r":0.09019607843137255,"g":0.6274509803921569,"b":0.984313725490196,"a":1},"right":{"r":0.09019607843137255,"g":0.6274509803921569,"b":0.984313725490196,"a":1},"bottom":{"r":0.09019607843137255,"g":0.6274509803921569,"b":0.984313725490196,"a":1}},"borderRadius":{"top":0,"bottom":0,"right":0,"left":0}}}},{"type":"Ellipse","name":"anEllipse","morphIndex":2,"morphicProperties":{"rotation":0,"scale":1,"clipMode":"visible","opacity":1,"position":{"x":468.40625,"y":73.09037798656621},"extent":{"x":192.51953125,"y":190.67578125},"fill":"new RadialGradient({stops: [{offset: 0.31806878747957534, color: Color.rgba(33,70,152,0.5)}, {offset: 1, color: Color.rgb(255,0,0)}], bounds: rect(0,0,192.51953125,212.35630815772788), focus: pt(0.5,0.5)})","border":{"style":{"top":"solid","left":"solid","bottom":"solid","right":"solid"},"width":{"left":1,"right":1,"top":1,"bottom":1},"color":{"top":{"r":0.09019607843137255,"g":0.6274509803921569,"b":0.984313725490196,"a":1},"left":{"r":0.09019607843137255,"g":0.6274509803921569,"b":0.984313725490196,"a":1},"right":{"r":0.09019607843137255,"g":0.6274509803921569,"b":0.984313725490196,"a":1},"bottom":{"r":0.09019607843137255,"g":0.6274509803921569,"b":0.984313725490196,"a":1}},"borderRadius":{"top":192.51953125,"right":190.67578125,"left":190.67578125,"bottom":192.51953125}}}},{"type":"Text","name":"aText","morphIndex":3,"morphicProperties":{"rotation":0,"scale":1,"clipMode":"visible","opacity":1,"position":{"x":711.609375,"y":150.2349092365662},"extent":{"x":165.03125,"y":206.64453125},"fill":"Color.transparent","border":{"style":{"top":"solid","left":"solid","bottom":"solid","right":"solid"},"width":{"left":1,"right":1,"top":1,"bottom":1},"color":{"top":{"r":0.09019607843137255,"g":0.6274509803921569,"b":0.984313725490196,"a":1},"left":{"r":0.09019607843137255,"g":0.6274509803921569,"b":0.984313725490196,"a":1},"right":{"r":0.09019607843137255,"g":0.6274509803921569,"b":0.984313725490196,"a":1},"bottom":{"r":0.09019607843137255,"g":0.6274509803921569,"b":0.984313725490196,"a":1}},"borderRadius":{"top":0,"bottom":0,"right":0,"left":0}}},"textProperties":{"fontFamily":"\"IBM Plex Sans\",Sans-Serif","fontSize":12,"fontStyle":"normal","fontWeight":"normal","lineWrapping":true,"fixedHeight":true,"fixedWidth":true,"textString":"Guide to shapes:\n1.  Morph1: Rectangle fill 1ABC9AC, 100%\n2. Morph2:  Rectangle fill FF6633, 100%, rotation 45\n3 Morph 3: Ellipse fill radial 214696 50% ff00000 100%\n4. Morph4: Ellipse fill solid 0000ff 100% opacity 50%\n  ","textDecoration":"none","fontColor":{"r":0,"g":0,"b":0,"a":1},"padding":{"x":0,"y":0,"width":0,"height":0},"textAndAttributes":["Guide to shapes:\n1.  Morph1: Rectangle fill 1ABC9AC, 100%\n2. Morph2:  Rectangle fill ",{"fontFamily":"\"IBM Plex Sans\",Sans-Serif"},"FF6633, 100%, rotation 45\n3 Morph 3: Ellipse fill radial 214696 50% ff00000 100%\n4. Morph4: Ellipse fill solid 0000ff 100% opacity 50%\n  ",null]}},{"type":"Ellipse","name":"anEllipse","morphIndex":4,"morphicProperties":{"rotation":0,"scale":1,"clipMode":"visible","opacity":0.25,"position":{"x":449.828125,"y":484.4106904865662},"extent":{"x":119.0859375,"y":114.94921875},"fill":"Color.rgb(0,0,255)","border":{"style":{"top":"solid","left":"solid","bottom":"solid","right":"solid"},"width":{"left":1,"right":1,"top":1,"bottom":1},"color":{"top":{"r":0.09019607843137255,"g":0.6274509803921569,"b":0.984313725490196,"a":1},"left":{"r":0.09019607843137255,"g":0.6274509803921569,"b":0.984313725490196,"a":1},"right":{"r":0.09019607843137255,"g":0.6274509803921569,"b":0.984313725490196,"a":1},"bottom":{"r":0.09019607843137255,"g":0.6274509803921569,"b":0.984313725490196,"a":1}},"borderRadius":{"top":119.0859375,"right":114.94921875,"left":114.94921875,"bottom":119.0859375}}}},{"type":"Text","name":"aText","morphIndex":5,"morphicProperties":{"rotation":0,"scale":1,"clipMode":"visible","opacity":1,"position":{"x":933.4609375,"y":97.02397173656621},"extent":{"x":189.34375,"y":69.84765625},"fill":"Color.transparent","border":{"style":{"top":"solid","left":"solid","bottom":"solid","right":"solid"},"width":{"left":1,"right":1,"top":1,"bottom":1},"color":{"top":{"r":0.09019607843137255,"g":0.6274509803921569,"b":0.984313725490196,"a":1},"left":{"r":0.09019607843137255,"g":0.6274509803921569,"b":0.984313725490196,"a":1},"right":{"r":0.09019607843137255,"g":0.6274509803921569,"b":0.984313725490196,"a":1},"bottom":{"r":0.09019607843137255,"g":0.6274509803921569,"b":0.984313725490196,"a":1}},"borderRadius":{"top":0,"bottom":0,"right":0,"left":0}}},"textProperties":{"fontFamily":"\"IBM Plex Sans\",Sans-Serif","fontSize":12,"fontStyle":"normal","fontWeight":"normal","lineWrapping":true,"fixedHeight":true,"fixedWidth":true,